#{"t_start": 1658914230.0129812, "env_id": "Humanoid-v3"}
r,l,t
98.934345,21,1.774546
98.806437,21,1.789779
98.404661,21,1.805065
98.325025,21,1.819215
98.57092,21,1.833444
102.429802,22,1.84815
98.573035,21,1.861882
98.323089,21,1.875549
98.342248,21,1.88979
102.180329,22,1.904835
102.934537,22,1.920007
